module,py_export,export_kind,cpp_symbol,binding_file
ab_initio_mass,RelativisticMetrics.helicity,property,,ab_initio_mass_py.cpp
ab_initio_mass,RelativisticMetrics.time_dilation_map,property,,ab_initio_mass_py.cpp
ab_initio_mass,RelativisticMetrics.core_time_dilation,property,,ab_initio_mass_py.cpp
ab_initio_mass,ZooEvaluator.get_entry_mass,class_static,ZooEvaluator::get_entry_mass,ab_initio_mass_py.cpp
atomic_bridge_model,AtomicBridgeModel.eta0,class_static,AtomicBridgeModel::eta0,atomic_bridge_model_py.cpp
atomic_bridge_model,AtomicBridgeModel.rydberg_energy,class_static,AtomicBridgeModel::rydberg_energy,atomic_bridge_model_py.cpp
atomic_bridge_model,AtomicBridgeModel.lambda_sst,class_static,AtomicBridgeModel::lambda_sst,atomic_bridge_model_py.cpp
atomic_bridge_model,AtomicBridgeModel.soft_core_potential,class_static,AtomicBridgeModel::soft_core_potential,atomic_bridge_model_py.cpp
atomic_bridge_model,AtomicBridgeModel.soft_core_force,class_static,AtomicBridgeModel::soft_core_force,atomic_bridge_model_py.cpp
atomic_bridge_model,AtomicBridgeModel.clock_branch_factor,class_static,AtomicBridgeModel::clock_branch_factor,atomic_bridge_model_py.cpp
atomic_bridge_model,AtomicBridgeModel.scalar_clock_potential_linear,class_static,AtomicBridgeModel::scalar_clock_potential_linear,atomic_bridge_model_py.cpp
atomic_bridge_model,AtomicBridgeModel.orbit_coupling_energy,class_static,AtomicBridgeModel::orbit_coupling_energy,atomic_bridge_model_py.cpp
atomic_bridge_model,AtomicBridgeModel.frozen_linear_interaction,class_static,AtomicBridgeModel::frozen_linear_interaction,atomic_bridge_model_py.cpp
atomic_bridge_model,AtomicBridgeModel.pauli_barrier_scale,class_static,AtomicBridgeModel::pauli_barrier_scale,atomic_bridge_model_py.cpp
atomic_bridge_model,AtomicBridgeModel.omega_z_from_displacement_gradient,class_static,AtomicBridgeModel::omega_z_from_displacement_gradient,atomic_bridge_model_py.cpp
atomic_bridge_model,AtomicBridgeModel.u_theta_uniform_vorticity,class_static,AtomicBridgeModel::u_theta_uniform_vorticity,atomic_bridge_model_py.cpp
atomic_bridge_model,AtomicBridgeModel.gamma_from_uniform_vorticity,class_static,AtomicBridgeModel::gamma_from_uniform_vorticity,atomic_bridge_model_py.cpp
atomic_bridge_model,AtomicBridgeModel.helical_packet_gamma,class_static,AtomicBridgeModel::helical_packet_gamma,atomic_bridge_model_py.cpp
chronos_kelvin_transport,ChronosKelvinTransport.omega_from_invariant,class_static,ChronosKelvinTransport::omega_from_invariant,chronos_kelvin_transport_py.cpp
chronos_kelvin_transport,ChronosKelvinTransport.omega_from_swirl_clock,class_static,ChronosKelvinTransport::omega_from_swirl_clock,chronos_kelvin_transport_py.cpp
chronos_kelvin_transport,ChronosKelvinTransport.vorticity_from_swirl_clock,class_static,ChronosKelvinTransport::vorticity_from_swirl_clock,chronos_kelvin_transport_py.cpp
chronos_kelvin_transport,ChronosKelvinTransport.swirl_clock_from_omega,class_static,ChronosKelvinTransport::swirl_clock_from_omega,chronos_kelvin_transport_py.cpp
chronos_kelvin_transport,ChronosKelvinTransport.chronos_kelvin_invariant,class_static,ChronosKelvinTransport::chronos_kelvin_invariant,chronos_kelvin_transport_py.cpp
chronos_kelvin_transport,ChronosKelvinTransport.clock_radius_derivative,class_static,ChronosKelvinTransport::clock_radius_derivative,chronos_kelvin_transport_py.cpp
chronos_kelvin_transport,ChronosKelvinTransport.radius_from_clock_invariant,class_static,ChronosKelvinTransport::radius_from_clock_invariant,chronos_kelvin_transport_py.cpp
clock_field_eft,ClockFieldEFT.tensor_speed,class_static,ClockFieldEFT::tensor_speed,clock_field_eft_py.cpp
clock_field_eft,ClockFieldEFT.tensor_speed_fractional_offset,class_static,ClockFieldEFT::tensor_speed_fractional_offset,clock_field_eft_py.cpp
clock_field_eft,ClockFieldEFT.satisfies_gw170817,class_static,ClockFieldEFT::satisfies_gw170817,clock_field_eft_py.cpp
clock_field_eft,ClockFieldEFT.constraints,class_static,ClockFieldEFT::constraints,clock_field_eft_py.cpp
clock_field_eft,ClockFieldEFT.poisson_source,class_static,ClockFieldEFT::poisson_source,clock_field_eft_py.cpp
clock_field_eft,ClockFieldEFT.effective_gravity_from_potential_gradient,class_static,ClockFieldEFT::effective_gravity_from_potential_gradient,clock_field_eft_py.cpp
clock_field_eft,ClockFieldEFT.unit_timelike_from_gradient_minkowski,class_static,ClockFieldEFT::unit_timelike_from_gradient_minkowski,clock_field_eft_py.cpp
delay_mode_selector,DelayModeResult.residual,property,,delay_mode_selector_py.cpp
delay_mode_selector,DelayModeResult.converged,property,,delay_mode_selector_py.cpp
delay_mode_selector,DelayModeResult.iterations,property,,delay_mode_selector_py.cpp
delay_mode_selector,DelayModeSelector.circulation_delay,class_static,DelayModeSelector::circulation_delay,delay_mode_selector_py.cpp
delay_mode_selector,DelayModeSelector.core_turnover_delay,class_static,DelayModeSelector::core_turnover_delay,delay_mode_selector_py.cpp
delay_mode_selector,DelayModeSelector.discrete_mode_frequency,class_static,DelayModeSelector::discrete_mode_frequency,delay_mode_selector_py.cpp
delay_mode_selector,DelayModeSelector.phase_lock_residual,class_static,DelayModeSelector::phase_lock_residual,delay_mode_selector_py.cpp
delay_mode_selector,DelayModeSelector.phase_lock_stability_slope,class_static,DelayModeSelector::phase_lock_stability_slope,delay_mode_selector_py.cpp
field_kernels,biot_savart_wire_grid,module_function,dipole_ring_field_grid_np,field_kernels_py.cpp
field_kernels,dipole_ring_field_grid,module_function,dipole_ring_field_grid_np,field_kernels_py.cpp
field_kernels,biot_savart_vector_potential_grid,module_function,,field_kernels_py.cpp
fluid_dynamics,compute_pressure_field,module_function,FluidDynamics::compute_pressure_field,fluid_dynamics_py.cpp
fluid_dynamics,compute_velocity_magnitude,module_function,FluidDynamics::compute_velocity_magnitude,fluid_dynamics_py.cpp
fluid_dynamics,evolve_positions_euler,module_function,FluidDynamics::evolve_positions_euler,fluid_dynamics_py.cpp
fluid_dynamics,compute_vorticity,module_function,FluidDynamics::compute_vorticity,fluid_dynamics_py.cpp
fluid_dynamics,local_rotation_rate,module_function,FluidDynamics::local_rotation_rate,fluid_dynamics_py.cpp
fluid_dynamics,swirl_clock_factor_from_speed,module_function,FluidDynamics::swirl_clock_factor_from_speed,fluid_dynamics_py.cpp
fluid_dynamics,vorticity_from_curvature,module_function,FluidDynamics::vorticity_from_curvature,fluid_dynamics_py.cpp
fluid_dynamics,vortex_pressure_drop,module_function,FluidDynamics::vortex_pressure_drop,fluid_dynamics_py.cpp
fluid_dynamics,vortex_transverse_pressure_diff,module_function,FluidDynamics::vortex_transverse_pressure_diff,fluid_dynamics_py.cpp
fluid_dynamics,swirl_energy,module_function,FluidDynamics::swirl_energy,fluid_dynamics_py.cpp
fluid_dynamics,swirl_energy_density_from_speed,module_function,FluidDynamics::swirl_energy_density_from_speed,fluid_dynamics_py.cpp
fluid_dynamics,swirl_tension_energy_density,module_function,FluidDynamics::swirl_tension_energy_density,fluid_dynamics_py.cpp
fluid_dynamics,kairos_energy_trigger,module_function,FluidDynamics::kairos_energy_trigger,fluid_dynamics_py.cpp
fluid_dynamics,compute_helicity,module_function,FluidDynamics::compute_helicity,fluid_dynamics_py.cpp
fluid_dynamics,potential_vorticity,module_function,FluidDynamics::potential_vorticity,fluid_dynamics_py.cpp
fluid_dynamics,is_incompressible,module_function,FluidDynamics::is_incompressible,fluid_dynamics_py.cpp
fluid_dynamics,compute_bernoulli_pressure,module_function,FluidDynamics::compute_bernoulli_pressure,fluid_dynamics_py.cpp
fluid_dynamics,pressure_gradient,module_function,FluidDynamics::pressure_gradient,fluid_dynamics_py.cpp
fluid_dynamics,laplacian_phi,module_function,FluidDynamics::laplacian_phi,fluid_dynamics_py.cpp
fluid_dynamics,bernoulli_pressure_potential,module_function,FluidDynamics::bernoulli_pressure_potential,fluid_dynamics_py.cpp
frenet_helicity,compute_curvature_torsion,module_function,,frenet_helicity_py.cpp
frenet_helicity,compute_helicity,module_function,FrenetHelicity::evolve_vortex_knot,frenet_helicity_py.cpp
frenet_helicity,evolve_vortex_knot,module_function,FrenetHelicity::evolve_vortex_knot,frenet_helicity_py.cpp
frenet_helicity,rk4_integrate,module_function,FrenetHelicity::rk4_integrate,frenet_helicity_py.cpp
knot_dynamics,CanonicalConstants.lambda_c,property,,knot_dynamics_py.cpp
knot_dynamics,CanonicalConstants.rho_m,property,,knot_dynamics_py.cpp
knot_dynamics,CanonicalConstants.rho_horn,property,,knot_dynamics_py.cpp
knot_dynamics,KnotDerived.gate,property,,knot_dynamics_py.cpp
knot_dynamics,KnotDerived.gate_factor,property,,knot_dynamics_py.cpp
knot_dynamics,KnotDerived.mass_ratio,property,,knot_dynamics_py.cpp
knot_dynamics,KnotDerived.valid,property,,knot_dynamics_py.cpp
knot_dynamics,KnotDerived.note,property,,knot_dynamics_py.cpp
knot_dynamics,SimpleInvariantXiModelParams.a_k,property,,knot_dynamics_py.cpp
knot_dynamics,SimpleInvariantXiModelParams.a_b,property,,knot_dynamics_py.cpp
knot_dynamics,SimpleInvariantXiModelParams.a_g,property,,knot_dynamics_py.cpp
knot_dynamics,SimpleInvariantXiModelParams.a_vol,property,,knot_dynamics_py.cpp
knot_dynamics,SimpleInvariantXiModelParams.a_L,property,,knot_dynamics_py.cpp
knot_dynamics,SimpleInvariantXiModelParams.a_chi,property,,knot_dynamics_py.cpp
knot_dynamics,SimpleInvariantXiModel.compute_xi,instance_method,SimpleInvariantXiModel::compute_xi,knot_dynamics_py.cpp
knot_dynamics,SimpleInvariantXiModel.assign_gate,instance_method,SimpleInvariantXiModel::assign_gate,knot_dynamics_py.cpp
knot_dynamics,SSTCanonicalXiModelParams.alpha_C,property,,knot_dynamics_py.cpp
knot_dynamics,SSTCanonicalXiModelParams.beta_L,property,,knot_dynamics_py.cpp
knot_dynamics,SSTCanonicalXiModelParams.gamma_H,property,,knot_dynamics_py.cpp
knot_dynamics,SSTCanonicalXiModelParams.delta_V,property,,knot_dynamics_py.cpp
knot_dynamics,SSTCanonicalXiModelParams.golden_layer,property,,knot_dynamics_py.cpp
knot_dynamics,SSTCanonicalXiModelParams.use_crossing_number_as_C,property,,knot_dynamics_py.cpp
knot_dynamics,SSTCanonicalXiModelParams.use_writhe_as_H,property,,knot_dynamics_py.cpp
knot_dynamics,SSTCanonicalXiModel.compute_xi,instance_method,SSTCanonicalXiModel::compute_xi,knot_dynamics_py.cpp
knot_dynamics,SSTCanonicalXiModel.assign_gate,instance_method,SSTCanonicalXiModel::assign_gate,knot_dynamics_py.cpp
knot_dynamics,MassFunctional.baseline_mass_from_ropelength,instance_method,MassFunctional::baseline_mass_from_ropelength,knot_dynamics_py.cpp
knot_dynamics,MassFunctional.baseline_mass_from_horn_ropelength,instance_method,MassFunctional::baseline_mass_from_horn_ropelength,knot_dynamics_py.cpp
knot_dynamics,MassFunctional.bare_master_mass_scale,instance_method,MassFunctional::bare_master_mass_scale,knot_dynamics_py.cpp
knot_dynamics,MassFunctional.gate_factor,instance_method,MassFunctional::gate_factor,knot_dynamics_py.cpp
knot_dynamics,MassFunctional.evaluate,instance_method,,knot_dynamics_py.cpp
knot_dynamics,MassFunctional.evaluate_electron_normalized,instance_method,,knot_dynamics_py.cpp
knot_dynamics,KnotState.inv,property,,knot_dynamics_py.cpp
knot_dynamics,KnotState.contact_score,property,,knot_dynamics_py.cpp
knot_dynamics,KnotState.hopf_like_score,property,,knot_dynamics_py.cpp
knot_dynamics,KnotState.energy_score,property,,knot_dynamics_py.cpp
knot_dynamics,KnotState.derived,property,,knot_dynamics_py.cpp
knot_dynamics,KnotReportRow.g,property,,knot_dynamics_py.cpp
knot_dynamics,KnotReportRow.vol_h,property,,knot_dynamics_py.cpp
knot_dynamics,KnotReportRow.gate,property,,knot_dynamics_py.cpp
knot_dynamics,KnotReportRow.mass_ratio,property,,knot_dynamics_py.cpp
knot_dynamics,KnotPrediction.gate,property,,knot_dynamics_py.cpp
knot_dynamics,KnotPrediction.gate_factor,property,,knot_dynamics_py.cpp
knot_dynamics,KnotPrediction.mass_ratio,property,,knot_dynamics_py.cpp
knot_dynamics,KnotPrediction.note,property,,knot_dynamics_py.cpp
knot_dynamics,KnotParticleModelParams.a_k,property,,knot_dynamics_py.cpp
knot_dynamics,KnotParticleModelParams.a_b,property,,knot_dynamics_py.cpp
knot_dynamics,KnotParticleModelParams.a_g,property,,knot_dynamics_py.cpp
knot_dynamics,KnotParticleModelParams.a_vol,property,,knot_dynamics_py.cpp
knot_dynamics,KnotParticleModelParams.a_L,property,,knot_dynamics_py.cpp
knot_dynamics,KnotParticleModelParams.a_wr,property,,knot_dynamics_py.cpp
knot_dynamics,KnotParticleModelParams.a_sep,property,,knot_dynamics_py.cpp
knot_dynamics,KnotParticleModel.assign_gate,instance_method,KnotParticleModel::assign_gate,knot_dynamics_py.cpp
knot_dynamics,KnotParticleModel.compute_xi,instance_method,KnotParticleModel::compute_xi,knot_dynamics_py.cpp
knot_dynamics,KnotParticleModel.predict,instance_method,KnotParticleModel::predict,knot_dynamics_py.cpp
knot_dynamics,IdealABComponent.component_index,property,,knot_dynamics_py.cpp
knot_dynamics,IdealABComponent.A0,property,,knot_dynamics_py.cpp
knot_dynamics,IdealABComponent.B0,property,,knot_dynamics_py.cpp
knot_dynamics,IdealABComponent.fourier,property,,knot_dynamics_py.cpp
knot_dynamics,IdealABBlock.id,property,,knot_dynamics_py.cpp
knot_dynamics,IdealABBlock.source_tag,property,,knot_dynamics_py.cpp
knot_dynamics,IdealABBlock.components,property,,knot_dynamics_py.cpp
knot_dynamics,IdealABBlock.fourier,property,,knot_dynamics_py.cpp
knot_dynamics,fourier_knot.activeBlock,property,,knot_dynamics_py.cpp
knot_dynamics,fourier_knot.loadBlocks,instance_method,FourierKnot::loadBlocks,knot_dynamics_py.cpp
knot_dynamics,fourier_knot.selectMaxHarmonics,instance_method,FourierKnot::selectMaxHarmonics,knot_dynamics_py.cpp
knot_dynamics,fourier_knot.reconstruct,instance_method,FourierKnot::reconstruct,knot_dynamics_py.cpp
knot_dynamics,LoadedKnot.get_points_array,instance_method,,knot_dynamics_py.cpp
knot_dynamics,LoadedKnot.get_curvature_array,instance_method,,knot_dynamics_py.cpp
multisector_fitter,MultisectorFitter.evaluate_sector,class_static,,multisector_fitter_py.cpp
multisector_fitter,MultisectorFitter.evaluate_multisector,class_static,,multisector_fitter_py.cpp
multisector_fitter,MultisectorFitter.evaluate_multisector_abs,class_static,,multisector_fitter_py.cpp
multisector_fitter,MultisectorFitter.objective_near_nodes,class_static,,multisector_fitter_py.cpp
multisector_fitter,NodeAnalyzer.local_minima_indices,class_static,,multisector_fitter_py.cpp
multisector_fitter,NodeAnalyzer.local_maxima_indices,class_static,,multisector_fitter_py.cpp
multisector_fitter,NodeAnalyzer.strongest_minima_t,class_static,,multisector_fitter_py.cpp
multisector_fitter,NodeAnalyzer.strongest_minima_values,class_static,,multisector_fitter_py.cpp
multisector_fitter,NodeAnalyzer.strongest_minima_t_with_neighborhood_exclusion,class_static,,multisector_fitter_py.cpp
multisector_fitter,NodeAnalyzer.extra_minima_penalty,class_static,,multisector_fitter_py.cpp
multisector_fitter,TraceFormula.evaluate_multisector_logz,class_static,,multisector_fitter_py.cpp
multisector_fitter,TraceFormula.phase_derivative_from_xi,class_static,,multisector_fitter_py.cpp
multisector_fitter,TraceFormula.evaluate_multisector_dlogz_ds,class_static,,multisector_fitter_py.cpp
multisector_fitter,MultisectorFitterV2.completion_factor,class_static,,multisector_fitter_py.cpp
multisector_fitter,MultisectorFitterV2.evaluate_sector,class_static,,multisector_fitter_py.cpp
multisector_fitter,MultisectorFitterV2.evaluate_sector_abs,class_static,,multisector_fitter_py.cpp
multisector_fitter,MultisectorFitterV2.evaluate_multisector,class_static,,multisector_fitter_py.cpp
multisector_fitter,MultisectorFitterV2.evaluate_multisector_abs,class_static,,multisector_fitter_py.cpp
multisector_fitter,MultisectorFitterV2.evaluate_multisector_abs_batch_M,class_static,,multisector_fitter_py.cpp
multisector_fitter,MultisectorFitterV2.objective_near_nodes,class_static,,multisector_fitter_py.cpp
multisector_fitter,MultisectorFitterV2.objective_suppressed,class_static,,multisector_fitter_py.cpp
multisector_fitter,MultisectorFitterV2.objective_suppressed_breakdown,class_static,,multisector_fitter_py.cpp
multisector_fitter,MultisectorFitterV2.phase_invariants,class_static,,multisector_fitter_py.cpp
potential_timefield,compute_gravitational_potential_gradient,module_function,TimeField::compute_gravitational_potential_gradient,potential_timefield_py.cpp
potential_timefield,compute_time_dilation_map_sqrt,module_function,TimeField::compute_time_dilation_map_sqrt,potential_timefield_py.cpp
potential_timefield,compute_gravitational_potential_direct,module_function,TimeField::compute_gravitational_potential_direct,potential_timefield_py.cpp
potential_timefield,compute_time_dilation_map_linear,module_function,TimeField::compute_time_dilation_map_linear,potential_timefield_py.cpp
potential_timefield,compute_gravitational_potential,module_function,compute_gravitational_potential,potential_timefield_py.cpp
resolved_tube_geometry,SegmentPair.distance,property,,resolved_tube_geometry_py.cpp
resolved_tube_geometry,SegmentPair.arclength_i,property,,resolved_tube_geometry_py.cpp
resolved_tube_geometry,SegmentPair.arclength_j,property,,resolved_tube_geometry_py.cpp
resolved_tube_geometry,KinkRecord.vertex,property,,resolved_tube_geometry_py.cpp
resolved_tube_geometry,KinkRecord.minrad_minus,property,,resolved_tube_geometry_py.cpp
resolved_tube_geometry,KinkRecord.minrad_plus,property,,resolved_tube_geometry_py.cpp
resolved_tube_geometry,KinkRecord.minrad,property,,resolved_tube_geometry_py.cpp
resolved_tube_geometry,ResolvedTubeMetrics.minrad,property,,resolved_tube_geometry_py.cpp
resolved_tube_geometry,ResolvedTubeMetrics.min_dcsd,property,,resolved_tube_geometry_py.cpp
resolved_tube_geometry,ResolvedTubeMetrics.half_min_dcsd,property,,resolved_tube_geometry_py.cpp
resolved_tube_geometry,ResolvedTubeMetrics.thickness_rad,property,,resolved_tube_geometry_py.cpp
resolved_tube_geometry,ResolvedTubeMetrics.reach_rad,property,,resolved_tube_geometry_py.cpp
resolved_tube_geometry,ResolvedTubeMetrics.ropelength_rad,property,,resolved_tube_geometry_py.cpp
resolved_tube_geometry,ResolvedTubeMetrics.ropelength_diam,property,,resolved_tube_geometry_py.cpp
resolved_tube_geometry,ResolvedTubeMetrics.edge_length_rel_std,property,,resolved_tube_geometry_py.cpp
resolved_tube_geometry,ResolvedTubeMetrics.equilateral_ok,property,,resolved_tube_geometry_py.cpp
resolved_tube_geometry,ResolvedTubeMetrics.lower_bound_ok,property,,resolved_tube_geometry_py.cpp
resolved_tube_geometry,ResolvedTubeMetrics.struts,property,,resolved_tube_geometry_py.cpp
resolved_tube_geometry,ResolvedTubeMetrics.kinks,property,,resolved_tube_geometry_py.cpp
resolved_tube_geometry,SparseEntry.row,property,,resolved_tube_geometry_py.cpp
resolved_tube_geometry,SparseEntry.value,property,,resolved_tube_geometry_py.cpp
resolved_tube_geometry,RigidityColumn.kind,property,,resolved_tube_geometry_py.cpp
resolved_tube_geometry,RigidityColumn.strut_index,property,,resolved_tube_geometry_py.cpp
resolved_tube_geometry,RigidityColumn.kink_index,property,,resolved_tube_geometry_py.cpp
resolved_tube_geometry,RigidityColumn.vertex,property,,resolved_tube_geometry_py.cpp
resolved_tube_geometry,RigidityMatrix.row_count,property,,resolved_tube_geometry_py.cpp
resolved_tube_geometry,RigidityMatrix.column_count,property,,resolved_tube_geometry_py.cpp
resolved_tube_geometry,RigidityMatrix.columns,property,,resolved_tube_geometry_py.cpp
resolved_tube_geometry,SparseRigidityColumn.kind,property,,resolved_tube_geometry_py.cpp
resolved_tube_geometry,SparseRigidityColumn.strut_index,property,,resolved_tube_geometry_py.cpp
resolved_tube_geometry,SparseRigidityColumn.kink_index,property,,resolved_tube_geometry_py.cpp
resolved_tube_geometry,SparseRigidityColumn.vertex,property,,resolved_tube_geometry_py.cpp
resolved_tube_geometry,SparseRigidityColumn.entries,property,,resolved_tube_geometry_py.cpp
resolved_tube_geometry,SparseRigidityMatrix.row_count,property,,resolved_tube_geometry_py.cpp
resolved_tube_geometry,SparseRigidityMatrix.column_count,property,,resolved_tube_geometry_py.cpp
resolved_tube_geometry,SparseRigidityMatrix.nonzero_count,property,,resolved_tube_geometry_py.cpp
resolved_tube_geometry,SparseRigidityMatrix.columns,property,,resolved_tube_geometry_py.cpp
resolved_tube_geometry,NNLSResult.multipliers,property,,resolved_tube_geometry_py.cpp
resolved_tube_geometry,NNLSResult.residual_norm,property,,resolved_tube_geometry_py.cpp
resolved_tube_geometry,NNLSResult.relative_residual,property,,resolved_tube_geometry_py.cpp
resolved_tube_geometry,NNLSResult.objective,property,,resolved_tube_geometry_py.cpp
resolved_tube_geometry,NNLSResult.iterations,property,,resolved_tube_geometry_py.cpp
resolved_tube_geometry,NNLSResult.converged,property,,resolved_tube_geometry_py.cpp
resolved_tube_geometry,NNLSResult.algorithm,property,,resolved_tube_geometry_py.cpp
resolved_tube_geometry,NNLSResult.active_set_size,property,,resolved_tube_geometry_py.cpp
resolved_tube_geometry,TighteningStepRecord.ropelength_before,property,,resolved_tube_geometry_py.cpp
resolved_tube_geometry,TighteningStepRecord.ropelength_after,property,,resolved_tube_geometry_py.cpp
resolved_tube_geometry,TighteningStepRecord.thickness_before,property,,resolved_tube_geometry_py.cpp
resolved_tube_geometry,TighteningStepRecord.thickness_after,property,,resolved_tube_geometry_py.cpp
resolved_tube_geometry,TighteningStepRecord.length_before,property,,resolved_tube_geometry_py.cpp
resolved_tube_geometry,TighteningStepRecord.length_after,property,,resolved_tube_geometry_py.cpp
resolved_tube_geometry,TighteningStepRecord.kkt_residual_before,property,,resolved_tube_geometry_py.cpp
resolved_tube_geometry,TighteningStepRecord.projected_gradient_norm,property,,resolved_tube_geometry_py.cpp
resolved_tube_geometry,TighteningStepRecord.strut_count,property,,resolved_tube_geometry_py.cpp
resolved_tube_geometry,TighteningStepRecord.kink_count,property,,resolved_tube_geometry_py.cpp
resolved_tube_geometry,TighteningStepRecord.rigidity_columns,property,,resolved_tube_geometry_py.cpp
resolved_tube_geometry,TighteningStepRecord.accepted,property,,resolved_tube_geometry_py.cpp
resolved_tube_geometry,TighteningStepRecord.thickness_corrected,property,,resolved_tube_geometry_py.cpp
resolved_tube_geometry,TighteningStepRecord.correction_strategy,property,,resolved_tube_geometry_py.cpp
resolved_tube_geometry,TighteningStepRecord.solver_algorithm,property,,resolved_tube_geometry_py.cpp
resolved_tube_geometry,TighteningResult.converged,property,,resolved_tube_geometry_py.cpp
resolved_tube_geometry,TighteningResult.reason,property,,resolved_tube_geometry_py.cpp
resolved_tube_geometry,ContactStressDiagnostics.contact_residual,property,,resolved_tube_geometry_py.cpp
resolved_tube_geometry,ContactStressDiagnostics.strut_weight_sum,property,,resolved_tube_geometry_py.cpp
resolved_tube_geometry,ContactStressDiagnostics.kink_weight_sum,property,,resolved_tube_geometry_py.cpp
resolved_tube_geometry,ContactStressDiagnostics.contact_entropy,property,,resolved_tube_geometry_py.cpp
resolved_tube_geometry,ContactStressDiagnostics.gradient_norm,property,,resolved_tube_geometry_py.cpp
resolved_tube_geometry,ContactStressDiagnostics.residual_norm,property,,resolved_tube_geometry_py.cpp
resolved_tube_geometry,ContactStressDiagnostics.nnls_objective,property,,resolved_tube_geometry_py.cpp
resolved_tube_geometry,ContactStressDiagnostics.strut_count,property,,resolved_tube_geometry_py.cpp
resolved_tube_geometry,ContactStressDiagnostics.kink_count,property,,resolved_tube_geometry_py.cpp
resolved_tube_geometry,ContactStressDiagnostics.rigidity_rows,property,,resolved_tube_geometry_py.cpp
resolved_tube_geometry,ContactStressDiagnostics.rigidity_columns,property,,resolved_tube_geometry_py.cpp
resolved_tube_geometry,ContactStressDiagnostics.nnls_iterations,property,,resolved_tube_geometry_py.cpp
resolved_tube_geometry,ContactStressDiagnostics.nnls_active_set_size,property,,resolved_tube_geometry_py.cpp
resolved_tube_geometry,ContactStressDiagnostics.nnls_algorithm,property,,resolved_tube_geometry_py.cpp
resolved_tube_geometry,ContactStressDiagnostics.solved_nnls,property,,resolved_tube_geometry_py.cpp
resolved_tube_geometry,ContactStressDiagnostics.nnls_converged,property,,resolved_tube_geometry_py.cpp
resolved_tube_geometry,ContactStressDiagnostics.multipliers,property,,resolved_tube_geometry_py.cpp
spectroscopic_gap,SpectroscopicGap.kelvin_gap_joule,class_static,SpectroscopicGap::kelvin_gap_joule,spectroscopic_gap_py.cpp
spectroscopic_gap,SpectroscopicGap.joule_to_ev,class_static,SpectroscopicGap::joule_to_ev,spectroscopic_gap_py.cpp
spectroscopic_gap,SpectroscopicGap.ev_to_joule,class_static,SpectroscopicGap::ev_to_joule,spectroscopic_gap_py.cpp
spectroscopic_gap,SpectroscopicGap.boltzmann_suppression,class_static,SpectroscopicGap::boltzmann_suppression,spectroscopic_gap_py.cpp
spectroscopic_gap,SpectroscopicGap.is_decoupled_from_atomic_transition,class_static,SpectroscopicGap::is_decoupled_from_atomic_transition,spectroscopic_gap_py.cpp
spectroscopic_gap,SpectroscopicGap.gap_ratio,class_static,SpectroscopicGap::gap_ratio,spectroscopic_gap_py.cpp
sst_extensions,CanonicalizeResult.found_numeric_rows,property,,sst_extensions_py.cpp
sst_extensions,CanonicalizeResult.changed,property,,sst_extensions_py.cpp
sst_extensions,CanonicalizeResult.reason,property,,sst_extensions_py.cpp
sst_extensions,HelicityResult.a_mu,property,,sst_extensions_py.cpp
sst_extensions,HelicityResult.kappa_max,property,,sst_extensions_py.cpp
sst_extensions,HelicityResult.kappa_mean,property,,sst_extensions_py.cpp
sst_extensions,HelicityResult.bend_energy,property,,sst_extensions_py.cpp
sst_extensions,HelicityResult.min_non_neighbor_dist,property,,sst_extensions_py.cpp
sst_extensions,HelicityResult.reach_proxy,property,,sst_extensions_py.cpp
sst_extensions,HelicityResult.nsamples,property,,sst_extensions_py.cpp
sst_extensions,FilamentEnergyParams.rho_outer,property,,sst_extensions_py.cpp
sst_extensions,FilamentEnergyParams.rho_local,property,,sst_extensions_py.cpp
sst_extensions,FilamentEnergyParams.a_core,property,,sst_extensions_py.cpp
sst_extensions,FilamentEnergyParams.delta,property,,sst_extensions_py.cpp
sst_extensions,FilamentEnergyParams.s_cut_local,property,,sst_extensions_py.cpp
sst_extensions,FilamentEnergyParams.include_nonlocal,property,,sst_extensions_py.cpp
sst_extensions,FilamentEnergyParams.include_local_match,property,,sst_extensions_py.cpp
sst_extensions,FilamentEnergyParams.include_core_int,property,,sst_extensions_py.cpp
sst_extensions,FilamentEnergyParams.c_rankine_outer,property,,sst_extensions_py.cpp
sst_extensions,FilamentEnergyParams.nsamples,property,,sst_extensions_py.cpp
sst_extensions,FilamentEnergyParams.skip_neighbors_base,property,,sst_extensions_py.cpp
sst_extensions,FilamentEnergyResult.ds_avg,property,,sst_extensions_py.cpp
sst_extensions,FilamentEnergyResult.m_loc,property,,sst_extensions_py.cpp
sst_extensions,FilamentEnergyResult.E_nonlocal,property,,sst_extensions_py.cpp
sst_extensions,FilamentEnergyResult.E_local_match,property,,sst_extensions_py.cpp
sst_extensions,FilamentEnergyResult.E_core_int,property,,sst_extensions_py.cpp
sst_extensions,FilamentEnergyResult.E_total,property,,sst_extensions_py.cpp
sst_extensions,FilamentEnergyResult.kappa_max,property,,sst_extensions_py.cpp
sst_extensions,FilamentEnergyResult.kappa_mean,property,,sst_extensions_py.cpp
sst_extensions,FilamentEnergyResult.bend_energy,property,,sst_extensions_py.cpp
sst_extensions,FilamentEnergyResult.min_non_neighbor_dist,property,,sst_extensions_py.cpp
sst_extensions,FilamentEnergyResult.reach_proxy,property,,sst_extensions_py.cpp
sst_extensions,FilamentEnergyResult.rho_outer,property,,sst_extensions_py.cpp
sst_extensions,FilamentEnergyResult.rho_local,property,,sst_extensions_py.cpp
sst_extensions,FilamentEnergyResult.a_core,property,,sst_extensions_py.cpp
sst_extensions,FilamentEnergyResult.delta,property,,sst_extensions_py.cpp
sst_extensions,FilamentEnergyResult.s_cut_local,property,,sst_extensions_py.cpp
sst_extensions,FilamentEnergyResult.c_rankine_outer,property,,sst_extensions_py.cpp
sst_extensions,FilamentEnergyResult.nsamples,property,,sst_extensions_py.cpp
sst_master_equation,SSTMasterEquationOutput.rho_E,property,,sst_master_equation_py.cpp
sst_master_equation,SSTMasterEquationOutput.rho_m,property,,sst_master_equation_py.cpp
sst_master_equation,SSTMasterEquationOutput.swirl_clock,property,,sst_master_equation_py.cpp
sst_master_equation,SSTMasterEquationOutput.geometric_gate,property,,sst_master_equation_py.cpp
sst_master_equation,SSTMasterEquationOutput.topological_kernel,property,,sst_master_equation_py.cpp
sst_master_equation,SSTMasterEquationOutput.bare_mass_scale_kg,property,,sst_master_equation_py.cpp
sst_master_equation,SSTMasterEquation.topological_kernel,class_static,SSTMasterEquation::topological_kernel,sst_master_equation_py.cpp
sst_master_equation,SSTMasterEquation.geometric_gate_factor,class_static,SSTMasterEquation::geometric_gate_factor,sst_master_equation_py.cpp
sst_master_equation,SSTMasterEquation.weak_swirl_clock_impedance,class_static,SSTMasterEquation::weak_swirl_clock_impedance,sst_master_equation_py.cpp
sst_master_equation,SSTMasterEquation.geometric_baseline_mass,class_static,SSTMasterEquation::geometric_baseline_mass,sst_master_equation_py.cpp
sst_master_equation,SSTMasterEquation.geometric_baseline_mass_from_rho_m,class_static,SSTMasterEquation::geometric_baseline_mass_from_rho_m,sst_master_equation_py.cpp
sst_master_equation,SSTMasterEquation.geometric_horn_baseline_mass,class_static,SSTMasterEquation::geometric_horn_baseline_mass,sst_master_equation_py.cpp
sst_master_equation,SSTMasterEquation.evaluate,class_static,SSTMasterEquation::evaluate,sst_master_equation_py.cpp
sst_tension_scales,SSTTensionScales.F_swirl_max,class_static,SSTTensionScales::F_swirl_max,sst_tension_scales_py.cpp
sst_tension_scales,SSTTensionScales.F_gr_max,class_static,SSTTensionScales::F_gr_max,sst_tension_scales_py.cpp
sst_tension_scales,SSTTensionScales.gravitational_fine_structure,class_static,SSTTensionScales::gravitational_fine_structure,sst_tension_scales_py.cpp
sst_tension_scales,SSTTensionScales.tension_ratio_from_couplings,class_static,SSTTensionScales::tension_ratio_from_couplings,sst_tension_scales_py.cpp
sst_tension_scales,SSTTensionScales.coulomb_force_at_core,class_static,SSTTensionScales::coulomb_force_at_core,sst_tension_scales_py.cpp
sst_tension_scales,SSTTensionScales.electron_spring_constant,class_static,SSTTensionScales::electron_spring_constant,sst_tension_scales_py.cpp
sst_tension_scales,SSTTensionScales.electron_spring_frequency,class_static,SSTTensionScales::electron_spring_frequency,sst_tension_scales_py.cpp
sst_tension_scales,SSTTensionScales.electron_spring_energy,class_static,SSTTensionScales::electron_spring_energy,sst_tension_scales_py.cpp
sst_tension_scales,SSTTensionScales.rydberg_from_sst,class_static,SSTTensionScales::rydberg_from_sst,sst_tension_scales_py.cpp
sst_tension_scales,SSTTensionScales.dimensionless_stiffness_ratio,class_static,SSTTensionScales::dimensionless_stiffness_ratio,sst_tension_scales_py.cpp
thermo_dynamics,entropy_from_theta,module_function,ThermoDynamics::entropy_from_theta,thermo_dynamics_py.cpp
thermo_dynamics,entropy_from_pv,module_function,ThermoDynamics::entropy_from_pv,thermo_dynamics_py.cpp
trefoil_operator,BoundaryOptions.mode,property,,trefoil_operator_py.cpp
trefoil_operator,BoundaryOptions.force_center_dirichlet,property,,trefoil_operator_py.cpp
trefoil_operator,PotentialGaussianWell.center,property,,trefoil_operator_py.cpp
trefoil_operator,PotentialGaussianWell.amplitude,property,,trefoil_operator_py.cpp
trefoil_operator,PotentialGaussianWell.sigma,property,,trefoil_operator_py.cpp
trefoil_operator,PotentialOptions.harmonic_coeff,property,,trefoil_operator_py.cpp
trefoil_operator,PotentialOptions.quartic_coeff,property,,trefoil_operator_py.cpp
trefoil_operator,PotentialOptions.constant_shift,property,,trefoil_operator_py.cpp
trefoil_operator,PotentialOptions.gaussians,property,,trefoil_operator_py.cpp
trefoil_operator,TrefoilOperator.build_identity,class_static,,trefoil_operator_py.cpp
trefoil_operator,TrefoilOperator.build_uniform_grid,class_static,,trefoil_operator_py.cpp
trefoil_operator,TrefoilOperator.build_second_difference,class_static,,trefoil_operator_py.cpp
trefoil_operator,TrefoilOperator.build_laplacian_schrodinger_kinetic,class_static,,trefoil_operator_py.cpp
trefoil_operator,TrefoilOperator.build_potential_from_options,class_static,,trefoil_operator_py.cpp
trefoil_operator,TrefoilOperator.build_potential_from_nodes,class_static,,trefoil_operator_py.cpp
trefoil_operator,TrefoilOperator.build_potential_from_trace_density,class_static,,trefoil_operator_py.cpp
trefoil_operator,TrefoilOperator.build_potential_from_phi_abs,class_static,,trefoil_operator_py.cpp
trefoil_operator,TrefoilOperator.assemble_schrodinger_matrix,class_static,,trefoil_operator_py.cpp
trefoil_operator,TrefoilOperator.apply_diagonal_shift,class_static,,trefoil_operator_py.cpp
trefoil_operator,TrefoilOperator.assemble_transfer_kernel,class_static,,trefoil_operator_py.cpp
trefoil_operator,TrefoilOperator.generator_from_transfer_kernel,class_static,,trefoil_operator_py.cpp
trefoil_operator,TrefoilOperator.matrix_vector_multiply,class_static,,trefoil_operator_py.cpp
trefoil_operator,TrefoilOperator.rayleigh_quotient,class_static,,trefoil_operator_py.cpp
trefoil_operator,TrefoilOperator.normalize_vector,class_static,,trefoil_operator_py.cpp
trefoil_operator,TrefoilOperator.residual_norm,class_static,,trefoil_operator_py.cpp
trefoil_operator,TrefoilOperator.eigenvalues,class_static,,trefoil_operator_py.cpp
trefoil_operator,TrefoilOperator.trace_from_diagonal,class_static,,trefoil_operator_py.cpp
trefoil_operator,TrefoilOperator.logdet_from_eigenvalues,class_static,,trefoil_operator_py.cpp
trefoil_operator,TrefoilOperator.spectral_density_histogram,class_static,,trefoil_operator_py.cpp
trefoil_operator,TrefoilOperator.jacobi_eigensolve_symmetric,class_static,,trefoil_operator_py.cpp
trefoil_operator,TrefoilOperator.build_and_solve_node_anchored_operator,class_static,,trefoil_operator_py.cpp
trefoil_operator,TrefoilOperator.build_and_solve_trace_anchored_operator,class_static,,trefoil_operator_py.cpp
trefoil_operator,TrefoilOperator.nearest_eigenvalues_to_targets,class_static,,trefoil_operator_py.cpp
vorticity_dynamics,vorticity_z_2D,module_function,VorticityDynamics::vorticity_z_2D,vorticity_dynamics_py.cpp
vorticity_dynamics,local_circulation_density,module_function,VorticityDynamics::local_circulation_density,vorticity_dynamics_py.cpp
vorticity_dynamics,solid_body_rotation_vorticity,module_function,VorticityDynamics::solid_body_rotation_vorticity,vorticity_dynamics_py.cpp
vorticity_dynamics,couette_vorticity,module_function,VorticityDynamics::couette_vorticity,vorticity_dynamics_py.cpp
vorticity_dynamics,crocco_relation,module_function,VorticityDynamics::crocco_relation,vorticity_dynamics_py.cpp
vorticity_dynamics,compute_vorticity,module_function,VorticityDynamics::compute_vorticity2D,vorticity_dynamics_py.cpp
vorticity_dynamics,rotating_frame_rhs,module_function,VorticityDynamics::rotating_frame_rhs,vorticity_dynamics_py.cpp
vorticity_dynamics,crocco_gradient,module_function,VorticityDynamics::crocco_gradient,vorticity_dynamics_py.cpp
